Id,Singer,Song,Movie Name,Year,Hyperlink,Rating
1,A. R. Rahman,Aaruyire,Guru,2007,https://en.wikipedia.org/wiki/A._R._Rahman,8
1,A. R. Rahman,Aiyayo Kanava,Rangeela,1995,https://en.wikipedia.org/wiki/A._R._Rahman,5
1,A. R. Rahman,Antha Arabikadal,Bombay,1995,https://en.wikipedia.org/wiki/A._R._Rahman,7
1,A. R. Rahman,Athiradee,Sivaji,2007,https://en.wikipedia.org/wiki/A._R._Rahman,6
1,A. R. Rahman,Bigil Bigil Bigiluma,Bigil,2019,https://en.wikipedia.org/wiki/A._R._Rahman,9
1,A. R. Rahman,Boom Boom,Boys,2003,https://en.wikipedia.org/wiki/A._R._Rahman,2
1,A. R. Rahman,Chinna Chinna,Roja,1992,https://en.wikipedia.org/wiki/A._R._Rahman,7
1,A. R. Rahman,Columbus Columbus,Jeans,1998,https://en.wikipedia.org/wiki/A._R._Rahman,3
1,A. R. Rahman,Elay Keechaan,Kadal,2013,https://en.wikipedia.org/wiki/A._R._Rahman,8
1,A. R. Rahman,Ellapp puazhum Oruvan,Azhagiya Tamil Magan,2007,https://en.wikipedia.org/wiki/A._R._Rahman,10
1,A. R. Rahman,Endendrum Punnagai,Alaipayuthey,2000,https://en.wikipedia.org/wiki/A._R._Rahman,5
1,A. R. Rahman,Ey Manpuru Maange,Guru,2007,https://en.wikipedia.org/wiki/A._R._Rahman,9
1,A. R. Rahman,I Love My Africa,Mariyaan,2012,https://en.wikipedia.org/wiki/A._R._Rahman,4
1,A. R. Rahman,Indiane Vaa,Lingaa,2014,https://en.wikipedia.org/wiki/A._R._Rahman,7
1,A. R. Rahman,Iru Pookal,Uyirae,1998,https://en.wikipedia.org/wiki/A._R._Rahman,6
1,A. R. Rahman,Irumbile oru Irudhaiyam,Enthiran,2010,https://en.wikipedia.org/wiki/A._R._Rahman,8
1,A. R. Rahman,Kalluri Salai,Kadhal Desam,1996,https://en.wikipedia.org/wiki/A._R._Rahman,2
1,A. R. Rahman,Karma Veeran,Kochadaiyaan,2014,https://en.wikipedia.org/wiki/A._R._Rahman,4
1,A. R. Rahman,Malargal Kaettaen,O Kadhal Kanmani,2015,https://en.wikipedia.org/wiki/A._R._Rahman,9
1,A. R. Rahman,Mannipaaya,Vinnaithaandi Varuvaayaa,2010,https://en.wikipedia.org/wiki/A._R._Rahman,10
1,A. R. Rahman,Musthafa Musthafa,Kadhal Desam,1996,https://en.wikipedia.org/wiki/A._R._Rahman,7
1,A. R. Rahman,Neethaaney Neethaaney,Mersal,2017,https://en.wikipedia.org/wiki/A._R._Rahman,5
1,A. R. Rahman,Nenje ezhu nenje,Mariyaan,2012,https://en.wikipedia.org/wiki/A._R._Rahman,9
1,A. R. Rahman,Nenjukulla omma,Kadal,2013,https://en.wikipedia.org/wiki/A._R._Rahman,5
1,A. R. Rahman,No Problem,Love Birds,1996,https://en.wikipedia.org/wiki/A._R._Rahman,8
1,A. R. Rahman,Oru Viral Puratchi,Sarkar,2018,https://en.wikipedia.org/wiki/A._R._Rahman,6
1,A. R. Rahman,Pudhiya Manidha,Enthiran,2010,https://en.wikipedia.org/wiki/A._R._Rahman,2
1,A. R. Rahman,Singa Penne,Bigil,2019,https://en.wikipedia.org/wiki/A._R._Rahman,7
1,A. R. Rahman,Theera Ulaa,O Kadhal Kanmani,2015,https://en.wikipedia.org/wiki/A._R._Rahman,10
1,A. R. Rahman,Urvasi Urvasi,Kadhalan,1994,https://en.wikipedia.org/wiki/A._R._Rahman,6
1,A. R. Rahman,Vellai Pookal,Kannathil Muthamittal,2002,https://en.wikipedia.org/wiki/A._R._Rahman,5
1,A. R. Rahman,Yaakkai Thiru,Aaytha Ezhuthu,2004,https://en.wikipedia.org/wiki/A._R._Rahman,9
2,A. V. Pooja,Aalaporan Tamizhan,Mersal,2017,https://en.wikipedia.org/wiki/Pooja_Vaidyanath,10
2,A. V. Pooja,Annamae,Annakodiyum Kodiveeranum,2013,https://en.wikipedia.org/wiki/Pooja_Vaidyanath,4
2,A. V. Pooja,Kanaave Kanaave,Ambikapathy,2013,https://en.wikipedia.org/wiki/Pooja_Vaidyanath,9
2,A. V. Pooja,Mosale Mosale,Yennamo Yedho,2014,https://en.wikipedia.org/wiki/Pooja_Vaidyanath,10
2,A. V. Pooja,Nariga Uranga,Annakodiyum Kodiveeranum,2013,https://en.wikipedia.org/wiki/Pooja_Vaidyanath,5
2,A. V. Pooja,Nenjankuzhi,Naveena Saraswathi Sabatham,2013,https://en.wikipedia.org/wiki/Pooja_Vaidyanath,8
2,A. V. Pooja,Paarkathe Paarkathe,Varuthapadatha Valibar Sangam,2013,https://en.wikipedia.org/wiki/Pooja_Vaidyanath,3
2,A. V. Pooja,Thalapathy Thalapathy,Thalaivaa,2013,https://en.wikipedia.org/wiki/Pooja_Vaidyanath,9
2,A. V. Pooja,Unnaal Unnaal,Ambikapathy,2013,https://en.wikipedia.org/wiki/Pooja_Vaidyanath,5
2,A. V. Pooja,Yedhukkaga Enna,Rummy,2014,https://en.wikipedia.org/wiki/Pooja_Vaidyanath,7
2,A. V. Pooja,eppa Maama Treatu,Jilla,2014,https://en.wikipedia.org/wiki/Pooja_Vaidyanath,4
2,A. V. Pooja,En Pulse Yethitu Poriye,Kavalai Vendam,2016,https://en.wikipedia.org/wiki/Dinesh_Kanagaratnam,8
2,A. V. Pooja,Kaara Attakkaara,O Kadhal Kanmani,2015,https://en.wikipedia.org/wiki/Dinesh_Kanagaratnam,6
2,A. V. Pooja,Oh Nanba Nanba,Lingaa,2014,https://en.wikipedia.org/wiki/Dinesh_Kanagaratnam,10
2,A. V. Pooja,Oru Sinna Thamarai,Vettaikaaran,2009,https://en.wikipedia.org/wiki/Dinesh_Kanagaratnam,5
2,A. V. Pooja,Rockstar Robber,Sindhubaadh,2019,https://en.wikipedia.org/wiki/Dinesh_Kanagaratnam,9
2,A. V. Pooja,Universal Cop,Bogan,2017,https://en.wikipedia.org/wiki/Dinesh_Kanagaratnam,7
3,Andrea Jeremiah,Alay Paayum,Irumbu Kuthirai,2014,https://en.wikipedia.org/wiki/Andrea_Jeremiah,4
3,Andrea Jeremiah,Dakalti,Trisha Illana Nayanthara,2015,https://en.wikipedia.org/wiki/Andrea_Jeremiah,3
3,Andrea Jeremiah,Dhaadikaara,Sketch,2018,https://en.wikipedia.org/wiki/Andrea_Jeremiah,6
3,Andrea Jeremiah,Ek Do Theen,Anjaan,2014,https://en.wikipedia.org/wiki/Andrea_Jeremiah,9
3,Andrea Jeremiah,En Pulse Yethitu Poriye,Kavalai Vendam,2016,https://en.wikipedia.org/wiki/Andrea_Jeremiah,4
3,Andrea Jeremiah,Ennakaaga Unnakaaga,Kadhal 2 Kalyanam,2011,https://en.wikipedia.org/wiki/Andrea_Jeremiah,8
3,Andrea Jeremiah,Hey Vaasam Mocha,Vaalu,2014,https://en.wikipedia.org/wiki/Andrea_Jeremiah,5
3,Andrea Jeremiah,Idhu Varai,Goa,2010,https://en.wikipedia.org/wiki/Andrea_Jeremiah,10
3,Andrea Jeremiah,Kannum Kannum,Anniyan,2005,https://en.wikipedia.org/wiki/Andrea_Jeremiah,6
3,Andrea Jeremiah,Kathalikka Pennoruthi,Vedi,2011,https://en.wikipedia.org/wiki/Andrea_Jeremiah,9
3,Andrea Jeremiah,Low Aana Life-u,Vadacurry,2014,https://en.wikipedia.org/wiki/Andrea_Jeremiah,4
3,Andrea Jeremiah,Nee Sunno New Moono,Nanbenda,2015,https://en.wikipedia.org/wiki/Andrea_Jeremiah,10
3,Andrea Jeremiah,Oh! Baby Oh! Baby,Yaaradi Nee Mohini,2008,https://en.wikipedia.org/wiki/Andrea_Jeremiah,7
3,Andrea Jeremiah,Oru Murai,Muppozhudhum Un Karpanaigal,2012,https://en.wikipedia.org/wiki/Andrea_Jeremiah,5
3,Andrea Jeremiah,Oru Vaanam Thandiye,100% Kadhal,2019,https://en.wikipedia.org/wiki/Andrea_Jeremiah,9
3,Andrea Jeremiah,Pookal Pookum,Madrasapattinam,2010,https://en.wikipedia.org/wiki/Andrea_Jeremiah,6
3,Andrea Jeremiah,Who is The Hero,Manmadan Ambu,2010,https://en.wikipedia.org/wiki/Andrea_Jeremiah,5
3,Andrea Jeremiah,Yelelo,Marina,2012,https://en.wikipedia.org/wiki/Andrea_Jeremiah,10
3,Andrea Jeremiah,Yeno Yeno Panithuli,Aadhavan,2009,https://en.wikipedia.org/wiki/Andrea_Jeremiah,8
4,Anirudh Ravichander,Aaluma Dholuma,Vedhalam,2015,https://en.wikipedia.org/wiki/Anirudh_Ravichander,6
4,Anirudh Ravichander,Damaalu Dumeelu,Bogan,2017,https://en.wikipedia.org/wiki/Anirudh_Ravichander,9
4,Anirudh Ravichander,Dandanakka,Romeo Juliet,2015,https://en.wikipedia.org/wiki/Anirudh_Ravichander,5
4,Anirudh Ravichander,Edhukku Machan Kadhalu,Mapla Singam,2015,https://en.wikipedia.org/wiki/Anirudh_Ravichander,10
4,Anirudh Ravichander,Engae Endru Povathu,Thaanaa Serndha Koottam,2018,https://en.wikipedia.org/wiki/Anirudh_Ravichander,4
4,Anirudh Ravichander,Friendship Anthem,Oh My Kadavule,2020,https://en.wikipedia.org/wiki/Anirudh_Ravichander,5
4,Anirudh Ravichander,Hey Vaasam Mocha,Vaalu,2014,https://en.wikipedia.org/wiki/Anirudh_Ravichander,7
4,Anirudh Ravichander,I am So Cool,Kakki Sattai,2015,https://en.wikipedia.org/wiki/Anirudh_Ravichander,8
4,Anirudh Ravichander,Idhayane,Velaikkaran,2017,https://en.wikipedia.org/wiki/Anirudh_Ravichander,2
4,Anirudh Ravichander,Ilamai Thirumbuthe,Petta,2019,https://en.wikipedia.org/wiki/Anirudh_Ravichander,7
4,Anirudh Ravichander,Iraiva,Velaikkaran,2017,https://en.wikipedia.org/wiki/Anirudh_Ravichander,6
4,Anirudh Ravichander,Ithazhin Oram,3,2012,https://en.wikipedia.org/wiki/Anirudh_Ravichander,9
4,Anirudh Ravichander,Jigidi Killaadi,Pattas,2020,https://en.wikipedia.org/wiki/Anirudh_Ravichander,8
4,Anirudh Ravichander,Kaantha Kannalaki,Namma Veettu Pillai,2019,https://en.wikipedia.org/wiki/Anirudh_Ravichander,3
4,Anirudh Ravichander,Kadhal Kan Kattudhe,Kakki Sattai,2018,https://en.wikipedia.org/wiki/Anirudh_Ravichander,5
4,Anirudh Ravichander,Kadhal Saiko,Saaho,2019,https://en.wikipedia.org/wiki/Anirudh_Ravichander,7
4,Anirudh Ravichander,Kalyaana Vayasu,Kolamavu Kokila,2018,https://en.wikipedia.org/wiki/Anirudh_Ravichander,1
4,Anirudh Ravichander,Kannamma,Ispade Rajavum Idhaya Raniyum,2019,https://en.wikipedia.org/wiki/Anirudh_Ravichander,9
4,Anirudh Ravichander,Kanne Kanne,Ayogya,2019,https://en.wikipedia.org/wiki/Anirudh_Ravichander,5
4,Anirudh Ravichander,Karuthavanlaam Galeejam,Velaikkaran,2017,https://en.wikipedia.org/wiki/Anirudh_Ravichander,7
4,Anirudh Ravichander,Kutti Story,Master,2020,https://en.wikipedia.org/wiki/Anirudh_Ravichander,8
5,Chinmayi,Aaruyire,Guru,2007,https://en.wikipedia.org/wiki/Chinmayi,10
5,Chinmayi,Adiye Aavarangaatukulla,Annakodiyum Kodiveeranum,2013,https://en.wikipedia.org/wiki/Chinmayi,5
5,Chinmayi,Aiythaaney,Mudhal Idam,2011,https://en.wikipedia.org/wiki/Chinmayi,1
5,Chinmayi,Akila Akila,Oru Kal Oru Kannadi,2012,https://en.wikipedia.org/wiki/Chinmayi,6
5,Chinmayi,Amali Thumali Neliyum,Ko,2011,https://en.wikipedia.org/wiki/Chinmayi,8
5,Chinmayi,Anbil Avan,Vinnaithaandi Varuvaayaa,2010,https://en.wikipedia.org/wiki/Chinmayi,4
5,Chinmayi,Anthaathi,96,2018,https://en.wikipedia.org/wiki/Chinmayi,2
5,Chinmayi,Asku Laska,Nanban,2012,https://en.wikipedia.org/wiki/Chinmayi,9
5,Chinmayi,Chinnamma,Sakkarakatti,2008,https://en.wikipedia.org/wiki/Chinmayi,8
5,Chinmayi,Chotta Chotta,Engeyum Eppothum,2011,https://en.wikipedia.org/wiki/Chinmayi,5
5,Chinmayi,Eathum Sollama,Thaakka Thaakka,2015,https://en.wikipedia.org/wiki/Chinmayi,2
5,Chinmayi,En Uyir,Ra.One,2011,https://en.wikipedia.org/wiki/Chinmayi,10
5,Chinmayi,Endha Pakkam,Dharma Durai,2016,https://en.wikipedia.org/wiki/Chinmayi,6
5,Chinmayi,Enthaaraa Enthaaraa,Thirumanam Enum Nikkah,2014,https://en.wikipedia.org/wiki/Chinmayi,8
5,Chinmayi,I miss you miss you da,Sakkarakatti,2008,https://en.wikipedia.org/wiki/Chinmayi,4
5,Chinmayi,Idhayathai Yedho Ondru,Yennai Arindhaal,2015,https://en.wikipedia.org/wiki/Chinmayi,9
5,Chinmayi,Imai Thoothane,Ilaignan,2011,https://en.wikipedia.org/wiki/Chinmayi,5
6,Devi Sri Prasad,Angel Vandhaaley,Badri,2001,https://en.wikipedia.org/wiki/Devi_Sri_Prasad,7
6,Devi Sri Prasad,Bad Boy,Alex Pandian,2012,https://en.wikipedia.org/wiki/Devi_Sri_Prasad,10
6,Devi Sri Prasad,Jalsa Jalsa,Villu,2009,https://en.wikipedia.org/wiki/Devi_Sri_Prasad,6
6,Devi Sri Prasad,Kanmoodi Thirakumbothu,Sachein,2005,https://en.wikipedia.org/wiki/Devi_Sri_Prasad,8
6,Devi Sri Prasad,King of Chennai,Badri,2001,https://en.wikipedia.org/wiki/Devi_Sri_Prasad,2
6,Devi Sri Prasad,Life a Jaali Than,Kutty,2010,https://en.wikipedia.org/wiki/Devi_Sri_Prasad,7
6,Devi Sri Prasad,Manmadan Ambu,Manmadan Ambu,2010,https://en.wikipedia.org/wiki/Devi_Sri_Prasad,5
6,Devi Sri Prasad,Mayavi Mayavi,Maayavi,2005,https://en.wikipedia.org/wiki/Devi_Sri_Prasad,4
6,Devi Sri Prasad,Naalu Pakkam,Alex Pandian,2012,https://en.wikipedia.org/wiki/Devi_Sri_Prasad,8
6,Devi Sri Prasad,Onnam Class,Alex Pandian,2012,https://en.wikipedia.org/wiki/Devi_Sri_Prasad,3
6,Devi Sri Prasad,Rayya Rayya,Alex Pandian,2012,https://en.wikipedia.org/wiki/Devi_Sri_Prasad,9
6,Devi Sri Prasad,Singam Dance,Singam II,2013,https://en.wikipedia.org/wiki/Devi_Sri_Prasad,10
7,Dhanush,Aathadi Aathadi,Aathadi Aathadi,2014,https://en.wikipedia.org/wiki/Dhanush,1
7,Dhanush,Bagulu Odayam Dagulu Mari,Maari,2015,https://en.wikipedia.org/wiki/Dhanush,6
7,Dhanush,Boomi Enna Suthudhe,Ethir Neechal,2012,https://en.wikipedia.org/wiki/Dhanush,2
7,Dhanush,Chill Bro,Pattas,2020,https://en.wikipedia.org/wiki/Dhanush,8
7,Dhanush,Danga Maari Oodhari,Anegan,2014,https://en.wikipedia.org/wiki/Dhanush,4
7,Dhanush,Engleesu Lovesu,Pakkiri,2019,https://en.wikipedia.org/wiki/Dhanush,9
7,Dhanush,Ey Inga Paaru,Velaiyilla Pattathari,2014,https://en.wikipedia.org/wiki/Dhanush,10
7,Dhanush,Jodi Nilave,Thanga Magan,2015,https://en.wikipedia.org/wiki/Dhanush,7
7,Dhanush,Kaathodu Kaathanen,Jail,2020,https://en.wikipedia.org/wiki/Dhanush,8
7,Dhanush,Kadal Raasa Naan,Mariyaan,2012,https://en.wikipedia.org/wiki/Dhanush,7
7,Dhanush,Kadhal En Kadhal,Mayakkam Enna,2011,https://en.wikipedia.org/wiki/Dhanush,7
7,Dhanush,Kannazhaga,3,2012,https://en.wikipedia.org/wiki/Dhanush,8
7,Dhanush,Kodi Parakkudha,Kodi,2012,https://en.wikipedia.org/wiki/Dhanush,6
7,Dhanush,Maari Gethu,Maari 2,2018,https://en.wikipedia.org/wiki/Dhanush,3
7,Dhanush,Maari Thara Local,Maari,2015,https://en.wikipedia.org/wiki/Dhanush,2
7,Dhanush,Nijamellam Maranthu,Ethir Neechal,2012,https://en.wikipedia.org/wiki/Dhanush,10
7,Dhanush,Oh Oh,Thanga Magan,2015,https://en.wikipedia.org/wiki/Dhanush,9
8,GV Prakash,Adi Paru Mangatha,May Madham,1994,https://en.wikipedia.org/wiki/G._V._Prakash_Kumar,1
8,GV Prakash,Anbe Anbe,Darling,2014,https://en.wikipedia.org/wiki/G._V._Prakash_Kumar,6
8,GV Prakash,Annamae,Annakodiyum Kodiveeranum,2013,https://en.wikipedia.org/wiki/G._V._Prakash_Kumar,10
8,GV Prakash,Appappa Kaachal,Komban,2015,https://en.wikipedia.org/wiki/G._V._Prakash_Kumar,3
8,GV Prakash,Athigaalai Pookal,Thandavam,2012,https://en.wikipedia.org/wiki/G._V._Prakash_Kumar,4
8,GV Prakash,Azhagana Ratchashiyae,Mudhalvan,1999,https://en.wikipedia.org/wiki/G._V._Prakash_Kumar,8
8,GV Prakash,Bittu Padam di,Trisha Illana Nayanthara,2015,https://en.wikipedia.org/wiki/G._V._Prakash_Kumar,5
8,GV Prakash,Chikku Bukku Rayile,Gentleman,1993,https://en.wikipedia.org/wiki/G._V._Prakash_Kumar,9
8,GV Prakash,Edhai Ninaithom,Kaaka Muttai,2015,https://en.wikipedia.org/wiki/G._V._Prakash_Kumar,3
8,GV Prakash,Hello Miss Imsaiyae,Unnale Unnale,2007,https://en.wikipedia.org/wiki/G._V._Prakash_Kumar,2
8,GV Prakash,Ini Achcham Achcham,Indira,1995,https://en.wikipedia.org/wiki/G._V._Prakash_Kumar,10
8,GV Prakash,Iravaaga Nee,Ithu Enna Maayam,2015,https://en.wikipedia.org/wiki/G._V._Prakash_Kumar,6
8,GV Prakash,Irukiraai Illamalum,Ithu Enna Maayam,2015,https://en.wikipedia.org/wiki/G._V._Prakash_Kumar,3
8,GV Prakash,Kaathu Kaathu Dinam,Uzhavan,1993,https://en.wikipedia.org/wiki/G._V._Prakash_Kumar,6
8,GV Prakash,Kadhal Yaanai,Anniyan,2005,https://en.wikipedia.org/wiki/G._V._Prakash_Kumar,7
8,GV Prakash,Kannil Theriyum,Angadi Theru,2010,https://en.wikipedia.org/wiki/G._V._Prakash_Kumar,2
8,GV Prakash,Kannum Kannum Plus,100% Kadhal,2019,https://en.wikipedia.org/wiki/G._V._Prakash_Kumar,9
8,GV Prakash,Karuppu Karuppu,Kaaka Muttai,2015,https://en.wikipedia.org/wiki/G._V._Prakash_Kumar,1
8,GV Prakash,Let's Go Party,Mupparimanam,2017,https://en.wikipedia.org/wiki/G._V._Prakash_Kumar,5
8,GV Prakash,Maari Mazhai Peyaadho,Uzhavan,1993,https://en.wikipedia.org/wiki/G._V._Prakash_Kumar,10
8,GV Prakash,Madrasai Suthi,May Madham,1994,https://en.wikipedia.org/wiki/G._V._Prakash_Kumar,8
8,GV Prakash,Mazhai Poliyum,Muppozhudhum Un Karpanaigal,2012,https://en.wikipedia.org/wiki/G._V._Prakash_Kumar,7
8,GV Prakash,Mersal Arasan,Mersal,2017,https://en.wikipedia.org/wiki/G._V._Prakash_Kumar,6
8,GV Prakash,My Vellai Kaari,Gurkha,2019,https://en.wikipedia.org/wiki/G._V._Prakash_Kumar,5
8,GV Prakash,Oru Murai,Muppozhudhum Un Karpanaigal,2012,https://en.wikipedia.org/wiki/G._V._Prakash_Kumar,4
8,GV Prakash,Oru Vaanam Thandiye,100% Kadhal,2019,https://en.wikipedia.org/wiki/G._V._Prakash_Kumar,8
8,GV Prakash,Pala Kaattu Machanukku,May Madham,1994,https://en.wikipedia.org/wiki/G._V._Prakash_Kumar,3
8,GV Prakash,Para Para Paravai,Neerparavai,2012,https://en.wikipedia.org/wiki/G._V._Prakash_Kumar,7
8,GV Prakash,Penne Penne,Irumbu Kuthirai,2014,https://en.wikipedia.org/wiki/G._V._Prakash_Kumar,5
8,GV Prakash,Peter Beatu Yethu,Sarvam Thaala Mayam,2019,https://en.wikipedia.org/wiki/G._V._Prakash_Kumar,9
8,GV Prakash,Pirai Thedum,Mayakkam Enna,2011,https://en.wikipedia.org/wiki/G._V._Prakash_Kumar,10
8,GV Prakash,Polladha Bhoomi,Asuran,2019,https://en.wikipedia.org/wiki/G._V._Prakash_Kumar,6
8,GV Prakash,Pookal Pookum,Madrasapattinam,2010,https://en.wikipedia.org/wiki/G._V._Prakash_Kumar,3
8,GV Prakash,Pothi Vecha Aasai,Annakodiyum Kodiveeranum,2013,https://en.wikipedia.org/wiki/G._V._Prakash_Kumar,10
8,GV Prakash,Raangu,Theri,2016,https://en.wikipedia.org/wiki/G._V._Prakash_Kumar,9
8,GV Prakash,Rekkai Mulaiththen,Sundarapandian,2012,https://en.wikipedia.org/wiki/G._V._Prakash_Kumar,5
8,GV Prakash,Sattena Idi Malai,Darling,2014,https://en.wikipedia.org/wiki/G._V._Prakash_Kumar,10
8,GV Prakash,Takkaru Paarva,Ayngaran,2019,https://en.wikipedia.org/wiki/G._V._Prakash_Kumar,10
8,GV Prakash,Thithipa,Ayngaran,2019,https://en.wikipedia.org/wiki/G._V._Prakash_Kumar,1
8,GV Prakash,Uyirin Uyire Unathu,Thandavam,2012,https://en.wikipedia.org/wiki/G._V._Prakash_Kumar,5
8,GV Prakash,Vaadi En,Aayiram Jenmangal,2020,https://en.wikipedia.org/wiki/G._V._Prakash_Kumar,7
8,GV Prakash,Yaaro Ivan,Udhayam NH4,2013,https://en.wikipedia.org/wiki/G._V._Prakash_Kumar,6
8,GV Prakash,Yathe Yathe,Aadukalam,2011,https://en.wikipedia.org/wiki/G._V._Prakash_Kumar,4
8,GV Prakash,Yeanadi Yeanadi,100% Kadhal,2019,https://en.wikipedia.org/wiki/G._V._Prakash_Kumar,4
8,GV Prakash,Yennachu Yedhachu,Trisha Illana Nayanthara,2015,https://en.wikipedia.org/wiki/G._V._Prakash_Kumar,7
9,Gaana Bala,Aadi Pona Aavani,Attakathi,2012,https://en.wikipedia.org/wiki/Gana_Bala,5
9,Gaana Bala,Aaru Adi Veedu,Goli Soda,2014,https://en.wikipedia.org/wiki/Gana_Bala,8
9,Gaana Bala,Aathangara Orathil,Yaan,2014,https://en.wikipedia.org/wiki/Gana_Bala,3
9,Gaana Bala,Adhaaru Adhaaru,Yennai Arindhaal,2015,https://en.wikipedia.org/wiki/Gana_Bala,9
9,Gaana Bala,All Your Beauty,Goli Soda,2014,https://en.wikipedia.org/wiki/Gana_Bala,6
9,Gaana Bala,Ayya Padichavare,Jaihind 2,2014,https://en.wikipedia.org/wiki/Gana_Bala,2
9,Gaana Bala,Dakalti,Trisha Illana Nayanthara,2015,https://en.wikipedia.org/wiki/Gana_Bala,8
9,Gaana Bala,Dappankuthu Mettula,Nanbenda,2015,https://en.wikipedia.org/wiki/Gana_Bala,7
9,Gaana Bala,Dont Worry Be,Nimirnthu Nil,2014,https://en.wikipedia.org/wiki/Gana_Bala,10
9,Gaana Bala,En Veetula,Idharkuthane Aasaipattai Balakumara,2013,https://en.wikipedia.org/wiki/Gana_Bala,9
9,Gaana Bala,Enga Veetu Kuthuvilakkey,Meyaadha Maan,2017,https://en.wikipedia.org/wiki/Gana_Bala,10
9,Gaana Bala,Irandhidava,Madras,2014,https://en.wikipedia.org/wiki/Gana_Bala,1
9,Gaana Bala,Kakidha Kappal,Madras,2014,https://en.wikipedia.org/wiki/Gana_Bala,8
9,Gaana Bala,Kelunganne Kelunga,Vadacurry,2014,https://en.wikipedia.org/wiki/Gana_Bala,1
9,Gaana Bala,Kokkara Kozhi,Saivam,2014,https://en.wikipedia.org/wiki/Gana_Bala,10
9,Gaana Bala,Maanjaave Kaanjaachu,Kaaka Muttai,2015,https://en.wikipedia.org/wiki/Gana_Bala,6
9,Gaana Bala,Manusanum Manusanum,Thodari,2016,https://en.wikipedia.org/wiki/Gana_Bala,9
9,Gaana Bala,Nadukadalula Kappala,Attakathi,2012,https://en.wikipedia.org/wiki/Gana_Bala,8
9,Gaana Bala,Potti,Kanna Laddu Thinna Aasaiya,2013,https://en.wikipedia.org/wiki/Gana_Bala,7
9,Gaana Bala,Run for your Life,Biriyani,2013,https://en.wikipedia.org/wiki/Gana_Bala,10
9,Gaana Bala,Vaazhkai Oru,Naveena Saraswathi Sabatham,2013,https://en.wikipedia.org/wiki/Gana_Bala,6
9,Gaana Bala,Vandha Kadha,Vai Raja Vai,2014,https://en.wikipedia.org/wiki/Gana_Bala,4
9,Gaana Bala,Vandha Mala Pona,Darling,2014,https://en.wikipedia.org/wiki/Gana_Bala,5
9,Gaana Bala,Yen Da,Ula,2015,https://en.wikipedia.org/wiki/Gana_Bala,2
10,Haricharan,Adada Idhuyenna,Thodari,2016,https://en.wikipedia.org/wiki/Haricharan,9
10,Haricharan,Alli Arjuna,Kaaviya Thalaivan,2014,https://en.wikipedia.org/wiki/Haricharan,7
10,Haricharan,Ambala Singam,Mundasupatti,2014,https://en.wikipedia.org/wiki/Haricharan,10
10,Haricharan,Amma Thaane,Ammavin Kaipesi,2012,https://en.wikipedia.org/wiki/Haricharan,3
10,Haricharan,Anbin Vaasale,Kadal,2013,https://en.wikipedia.org/wiki/Haricharan,9
10,Haricharan,Arariro Aarariro Ithu,Deiva Thirumagan,2011,https://en.wikipedia.org/wiki/Haricharan,5
10,Haricharan,Ayayayoo Aananthamey,Kumki,2012,https://en.wikipedia.org/wiki/Haricharan,2
10,Haricharan,Aye Mr. Minor,Kaaviya Thalaivan,2014,https://en.wikipedia.org/wiki/Haricharan,3
10,Haricharan,Azhagiye,Kaatru Veliyidai,2017,https://en.wikipedia.org/wiki/Haricharan,10
10,Haricharan,Damma Damma,Vettai,2012,https://en.wikipedia.org/wiki/Haricharan,8
10,Haricharan,Dheivam,Thirudan Police,2014,https://en.wikipedia.org/wiki/Haricharan,1
10,Haricharan,Eathum Sollama,Thaakka Thaakka,2015,https://en.wikipedia.org/wiki/Haricharan,6
10,Haricharan,Enna pesa,Theeya Velai Seiyyanum Kumaru,2013,https://en.wikipedia.org/wiki/Haricharan,10
10,Haricharan,Ennakenave nee,18 Vayasu,2012,https://en.wikipedia.org/wiki/Haricharan,6
10,Haricharan,Gala Gala,Ko,2011,https://en.wikipedia.org/wiki/Haricharan,7
10,Haricharan,Idhu Enna,Mundasupatti,2014,https://en.wikipedia.org/wiki/Haricharan,5
10,Haricharan,Ivan Chennai,Bhooloham,2015,https://en.wikipedia.org/wiki/Haricharan,4
10,Haricharan,Kaadhal Oru,Marina,2012,https://en.wikipedia.org/wiki/Haricharan,9
10,Haricharan,Kadhal Kiliye,Iruvar Ullam,2015,https://en.wikipedia.org/wiki/Haricharan,8
10,Haricharan,Kadhal Vandhu,Sundarapandian,2012,https://en.wikipedia.org/wiki/Haricharan,3
10,Haricharan,Karu Vizhi Sutri Parkkum,Puthumugangal Thevai,2012,https://en.wikipedia.org/wiki/Haricharan,2
10,Haricharan,Machii Open The,Mankatha,2011,https://en.wikipedia.org/wiki/Haricharan,9
10,Haricharan,Manohari,Baahubali,2015,https://en.wikipedia.org/wiki/Haricharan,1
10,Haricharan,Mazhaiyum Theeyum,Saaho,2019,https://en.wikipedia.org/wiki/Haricharan,5
10,Haricharan,Mazhakaatha,Oru Oorla Rendu Raja,2014,https://en.wikipedia.org/wiki/Haricharan,6
10,Haricharan,Mella Sirithai,Kalyana Samayal Saatham,2013,https://en.wikipedia.org/wiki/Haricharan,9
10,Haricharan,Naam Ondru Saerum,Gouravam,2013,https://en.wikipedia.org/wiki/Haricharan,6
10,Haricharan,Nagumo Hey Sugamo,Arunachalam,1997,https://en.wikipedia.org/wiki/Haricharan,9
10,Haricharan,Nee Illai Endraal,8 Thottakkal,2017,https://en.wikipedia.org/wiki/Haricharan,7
10,Haricharan,Negizhiyinil,Nimirnthu Nil,2014,https://en.wikipedia.org/wiki/Haricharan,10
10,Haricharan,Nenja Unakkaga,Sindhubaadh,2019,https://en.wikipedia.org/wiki/Haricharan,5
10,Haricharan,Nenjil Mamazhai,Kangaroo,2018,https://en.wikipedia.org/wiki/Haricharan,6
10,Haricharan,Nenjukkuzhi,Nimir,2014,https://en.wikipedia.org/wiki/Haricharan,3
10,Haricharan,Nilaayo,Bairavaa,2017,https://en.wikipedia.org/wiki/Haricharan,8
10,Haricharan,Oh! Baby Oh! Baby,Yaaradi Nee Mohini,2008,https://en.wikipedia.org/wiki/Haricharan,9
10,Haricharan,Ore Oru Ooril,Saivam,2014,https://en.wikipedia.org/wiki/Haricharan,4
10,Haricharan,Oru paadhi Kathavu,Thandavam,2012,https://en.wikipedia.org/wiki/Haricharan,10
10,Haricharan,Ottrai kannale,Vel,2007,https://en.wikipedia.org/wiki/Haricharan,6
10,Haricharan,Oyaayiye Yaayiye,Ayan,2009,https://en.wikipedia.org/wiki/Haricharan,7
10,Haricharan,Pachai Dhrogangal,Adanga Maru,2018,https://en.wikipedia.org/wiki/Haricharan,6
10,Haricharan,Palindrome,Vinodhan,2017,https://en.wikipedia.org/wiki/Haricharan,3
10,Haricharan,Paravayaa Parakkurom,KayaL,2014,https://en.wikipedia.org/wiki/Haricharan,2
10,Haricharan,Podi Paiyyan Polave,Rajapattai,2011,https://en.wikipedia.org/wiki/Haricharan,4
10,Haricharan,Pollapayya,Rekka,2016,https://en.wikipedia.org/wiki/Haricharan,4
10,Haricharan,Pona Usuru,Thodari,2016,https://en.wikipedia.org/wiki/Haricharan,7
10,Haricharan,Pookkalae Sattru Oyivedungal,I (Ai),2015,https://en.wikipedia.org/wiki/Haricharan,81
10,Haricharan,Punnagaye,24,2016,https://en.wikipedia.org/wiki/Haricharan,10
10,Haricharan,Raasathi Pola,Avan Ivan,2011,https://en.wikipedia.org/wiki/Haricharan,9
10,Haricharan,Rathathin Rathame,Velayutham,2011,https://en.wikipedia.org/wiki/Haricharan,5
10,Haricharan,Sandi Kuthirai,Kaviya Thalaivan,2014,https://en.wikipedia.org/wiki/Haricharan,1
10,Haricharan,Sandimuni,Kanchana 2,2015,https://en.wikipedia.org/wiki/Haricharan,6
10,Haricharan,Sarvam Thaala Mayam,Sarvam Thaala Mayam,2019,https://en.wikipedia.org/wiki/Haricharan,7
10,Haricharan,She Is My Girl,Dev,2019,https://en.wikipedia.org/wiki/Haricharan,8
10,Haricharan,Sonapareeya Sonapareeya,Mariyaan,2012,https://en.wikipedia.org/wiki/Haricharan,1
10,Haricharan,Tango Kelaayo,Kaatru Veliyidai,2017,https://en.wikipedia.org/wiki/Haricharan,2
10,Haricharan,Thaakaa Thaakkaa,Thaakka Thaakka,2015,https://en.wikipedia.org/wiki/Haricharan,8
10,Haricharan,Thaen Kaatru,Gethu,2016,https://en.wikipedia.org/wiki/Haricharan,7
10,Haricharan,Thaene Thaene Sendhaene,Nanbenda,2015,https://en.wikipedia.org/wiki/Haricharan,6
10,Haricharan,Thalapathy Thalapathy,Thalaivaa,2013,https://en.wikipedia.org/wiki/Haricharan,3
10,Haricharan,Thoduven,Deepavali,2007,https://en.wikipedia.org/wiki/Haricharan,6
10,Haricharan,Thottu Thottu,Kaadhal,2004,https://en.wikipedia.org/wiki/Haricharan,7
10,Haricharan,Thuli Thuli Thuli Malayai,Paiyaa,2010,https://en.wikipedia.org/wiki/Haricharan,8
10,Haricharan,Unakkena Iruppaen,Kaadhal,2004,https://en.wikipedia.org/wiki/Haricharan,10
10,Haricharan,Unmai Orunaal Vellum,Lingaa,2014,https://en.wikipedia.org/wiki/Haricharan,9
10,Haricharan,Unn Perai Sollum Pothe,Angadi Theru,2010,https://en.wikipedia.org/wiki/Haricharan,8
10,Haricharan,Unna Ippo Paakkanum,Kayal,2014,https://en.wikipedia.org/wiki/Haricharan,4
10,Haricharan,Unnaal Unnaal,Ambikapathy,2013,https://en.wikipedia.org/wiki/Haricharan,3
10,Haricharan,Uyiril Uyiril Urasal,Vallinam,2013,https://en.wikipedia.org/wiki/Haricharan,5
10,Haricharan,Vaanga Makka,Kaaviya Thalaivan,2014,https://en.wikipedia.org/wiki/Haricharan,7
10,Haricharan,Vaigasi Nilavae,Unnale Unnale,2007,https://en.wikipedia.org/wiki/Haricharan,7
10,Haricharan,Yaar intha Penthan,Boss Engira Bhaskaran,2010,https://en.wikipedia.org/wiki/Haricharan,8
10,Haricharan,Yaenadi,Nimir,2018,https://en.wikipedia.org/wiki/Haricharan,10
10,Haricharan,Yaro Ivalo,Maalai Pozhuthin Mayakathile,2012,https://en.wikipedia.org/wiki/Haricharan,5
10,Haricharan,Yemma Yea Azhagamma,Vanamagan,2017,https://en.wikipedia.org/wiki/Haricharan,8
11,Harish Raghavendra,Azhagiya Theeye,Minnale,2001,https://en.wikipedia.org/wiki/Harish_Raghavendra,6
11,Harish Raghavendra,Chella Namm Veetuku,Poovellam Un Vasam,2001,https://en.wikipedia.org/wiki/Harish_Raghavendra,4
11,Harish Raghavendra,Chennai Senthamizh,M. Kumaran S/O Mahalakshmi,2004,https://en.wikipedia.org/wiki/Harish_Raghavendra,1
11,Harish Raghavendra,Chinna Ponnu,Mambattiyan,2011,https://en.wikipedia.org/wiki/Harish_Raghavendra,9
11,Harish Raghavendra,Desingu Raja,Dumm Dumm Dumm,2001,https://en.wikipedia.org/wiki/Harish_Raghavendra,6
11,Harish Raghavendra,Devathaiyai Kandaen,Kaadhal Kondein,2003,https://en.wikipedia.org/wiki/Harish_Raghavendra,5
11,Harish Raghavendra,En Nenjil Ningalane,Dheena,2000,https://en.wikipedia.org/wiki/Harish_Raghavendra,3
11,Harish Raghavendra,Ennena Seithom,Mayakkam Enna,2011,https://en.wikipedia.org/wiki/Harish_Raghavendra,4
11,Harish Raghavendra,Idhu Enna,Sivakasi,2005,https://en.wikipedia.org/wiki/Harish_Raghavendra,9
11,Harish Raghavendra,Idhu Porkkalama,7G Rainbow Colony,2004,https://en.wikipedia.org/wiki/Harish_Raghavendra,8
11,Harish Raghavendra,Kanaa Kaanum Kaalangal,7G Rainbow Colony,2004,https://en.wikipedia.org/wiki/Harish_Raghavendra,2
11,Harish Raghavendra,Kannum Kannumthan,Thirupaachi,2005,https://en.wikipedia.org/wiki/Harish_Raghavendra,6
11,Harish Raghavendra,Manasukkulle Dhagam,Autograph,2004,https://en.wikipedia.org/wiki/Harish_Raghavendra,9
11,Harish Raghavendra,Mellinamae Mellinamae,Shahjahan,2001,https://en.wikipedia.org/wiki/Harish_Raghavendra,4
11,Harish Raghavendra,Mudhal Murai,Singham 3,2017,https://en.wikipedia.org/wiki/Harish_Raghavendra,7
11,Harish Raghavendra,Nenje Nenje,Ayan,2009,https://en.wikipedia.org/wiki/Harish_Raghavendra,10
11,Harish Raghavendra,Nenjil Nenjil Itho Itho,Engeyum Kaadhal,2011,https://en.wikipedia.org/wiki/Harish_Raghavendra,2
11,Harish Raghavendra,Nirpathuve Nadapathuve,Bharathi,2000,https://en.wikipedia.org/wiki/Harish_Raghavendra,8
11,Harish Raghavendra,Raththa Kanneer,Neerparavai,2012,https://en.wikipedia.org/wiki/Harish_Raghavendra,4
11,Harish Raghavendra,Sakkarai Nilavea,Youth,2002,https://en.wikipedia.org/wiki/Harish_Raghavendra,1
11,Harish Raghavendra,Sirage illatha poonkuruvi,Thali Puthusu,1997,https://en.wikipedia.org/wiki/Harish_Raghavendra,6
11,Harish Raghavendra,Sollavum Mudiyala,Thirupathi,2006,https://en.wikipedia.org/wiki/Harish_Raghavendra,7
11,Harish Raghavendra,Thirudiya Idhayathai,Paarvai Ondre Podhume,2001,https://en.wikipedia.org/wiki/Harish_Raghavendra,8
11,Harish Raghavendra,Thottu Thottu Pokum Thendral,Kaadhal Kondein,2003,https://en.wikipedia.org/wiki/Harish_Raghavendra,1
11,Harish Raghavendra,Yedho Ondru,Lesa Lesa,2003,https://en.wikipedia.org/wiki/Harish_Raghavendra,10
11,Harish Raghavendra,Yeh Nenje,April Maadhathil,2002,https://en.wikipedia.org/wiki/Harish_Raghavendra,7
12,Illayaraja,Ada Veettukku,Kizhakku Vasal,1990,https://en.wikipedia.org/wiki/Ilaiyaraaja,6
12,Illayaraja,Achadicha Kaasa,Valmiki,2009,https://en.wikipedia.org/wiki/Ilaiyaraaja,5
12,Illayaraja,Adi Aathadi,Kadalora Kavithaigal,1986,https://en.wikipedia.org/wiki/Ilaiyaraaja,9
12,Illayaraja,Amman Kovil,Sakalakala Vallavan,1982,https://en.wikipedia.org/wiki/Ilaiyaraaja,10
12,Illayaraja,Andha Kandamani,Virumaandi,2004,https://en.wikipedia.org/wiki/Ilaiyaraaja,4
12,Illayaraja,Annal Gandhi,Desiya Geetham,1998,https://en.wikipedia.org/wiki/Ilaiyaraaja,2
12,Illayaraja,Antha Nilava Than,Muthal Mariyathai,1985,https://en.wikipedia.org/wiki/Ilaiyaraaja,5
12,Illayaraja,Appan Endrum,Guna,1991,https://en.wikipedia.org/wiki/Ilaiyaraaja,1
12,Illayaraja,April Mayilae,Idhayam,1991,https://en.wikipedia.org/wiki/Ilaiyaraaja,3
12,Illayaraja,Ariyadha Vayasu,Paruthiveeran,2007,https://en.wikipedia.org/wiki/Ilaiyaraaja,4
12,Illayaraja,Ayya Veedu,Kadhalukku Mariyaathai,1997,https://en.wikipedia.org/wiki/Ilaiyaraaja,10
12,Illayaraja,Das Das Chinnappada,Kadalora Kavithaigal,1986,https://en.wikipedia.org/wiki/Ilaiyaraaja,9
12,Illayaraja,Ele Nee Enga,Maya Kannadi,1994,https://en.wikipedia.org/wiki/Ilaiyaraaja,6
12,Illayaraja,Enga Maharaani,Thalaimurai,1998,https://en.wikipedia.org/wiki/Ilaiyaraaja,7
12,Illayaraja,Enge Sellum Intha,Sethu,1999,https://en.wikipedia.org/wiki/Ilaiyaraaja,5
12,Illayaraja,Enna Petha Raasa,Thalaimurai,1998,https://en.wikipedia.org/wiki/Ilaiyaraaja,3
12,Illayaraja,Hey Kiliyirukku,Muthal Mariyathai,1985,https://en.wikipedia.org/wiki/Ilaiyaraaja,4
12,Illayaraja,Indiran Vanthathum,Aan Paavam,1985,https://en.wikipedia.org/wiki/Ilaiyaraaja,6
12,Illayaraja,Ini Naalum Thirunalthan,Thirunelveli,2000,https://en.wikipedia.org/wiki/Ilaiyaraaja,9
12,Illayaraja,Intha Maan,Karakattakaran,1989,https://en.wikipedia.org/wiki/Ilaiyaraaja,10
12,Illayaraja,Iraivinai Thedi,60 Vayathu Maaniram,2018,https://en.wikipedia.org/wiki/Ilaiyaraaja,5
12,Illayaraja,Kaasu Enbadhu,Un Samayal Arayil,2014,https://en.wikipedia.org/wiki/Ilaiyaraaja,6
12,Illayaraja,Kaatru Veliyil,Maya Kannadi,1994,https://en.wikipedia.org/wiki/Ilaiyaraaja,1
12,Illayaraja,Kaatu Vazhi,Adhu Oru Kana Kaalam,2005,https://en.wikipedia.org/wiki/Ilaiyaraaja,2
12,Illayaraja,Kadaloram,Anandha Ragam,1982,https://en.wikipedia.org/wiki/Ilaiyaraaja,10
12,Illayaraja,Kadha Kelu Kadha Kelu,Michael Madana Kamarajan,1990,https://en.wikipedia.org/wiki/Ilaiyaraaja,7
12,Illayaraja,Kadhal Indru,Maya Kannadi,1994,https://en.wikipedia.org/wiki/Ilaiyaraaja,6
12,Illayaraja,Kadhal Kasukuthaiya,Aan Paavam,1985,https://en.wikipedia.org/wiki/Ilaiyaraaja,6
12,Illayaraja,Kadhal Oviyam,Alaigal Oivathillai,1981,https://en.wikipedia.org/wiki/Ilaiyaraaja,8
13,K.S.Chitra,Angel Vandhaaley,Badri,2001,https://en.wikipedia.org/wiki/K._S._Chithra,3
13,K.S.Chitra,Anbe Nee,Pandiyan,1992,https://en.wikipedia.org/wiki/K._S._Chithra,5
13,K.S.Chitra,Annamalai Annamalai,Annamalai,19992,https://en.wikipedia.org/wiki/K._S._Chithra,9
13,K.S.Chitra,Antha Nilava Than,Muthal Mariyathai,1985,https://en.wikipedia.org/wiki/K._S._Chithra,8
13,K.S.Chitra,Ariraro,Kodi,2016,https://en.wikipedia.org/wiki/K._S._Chithra,10
13,K.S.Chitra,Arul Kann Paarvai,Aanazhagan,1995,https://en.wikipedia.org/wiki/K._S._Chithra,7
13,K.S.Chitra,Azhagaana Manjapura,Ellaame En Raasaathaan,1995,https://en.wikipedia.org/wiki/K._S._Chithra,6
13,K.S.Chitra,Azhagiya Laila,Ullathai Allitha,1996,https://en.wikipedia.org/wiki/K._S._Chithra,4
13,K.S.Chitra,Azhagu Azhagu,Baatsha,1995,https://en.wikipedia.org/wiki/K._S._Chithra,3
13,K.S.Chitra,Buck Buck Buck,Parthiban Kanavu,2003,https://en.wikipedia.org/wiki/K._S._Chithra,10
13,K.S.Chitra,Azhagu Nilave,Pavithra,1994,https://en.wikipedia.org/wiki/K._S._Chithra,1
13,K.S.Chitra,Beechoram,Rasigan,1994,https://en.wikipedia.org/wiki/K._S._Chithra,4
13,K.S.Chitra,Chikki Mukki Uyala,Aval Varuvaala,1998,https://en.wikipedia.org/wiki/K._S._Chithra,9
13,K.S.Chitra,Chingucha Chingucha,Porkkaalam,1997,https://en.wikipedia.org/wiki/K._S._Chithra,7
13,K.S.Chitra,Chinna Mani,Mallu Vetti Minor,1990,https://en.wikipedia.org/wiki/K._S._Chithra,8
13,K.S.Chitra,Chinna Ponnu,Vaigasi Poranthachu,1990,https://en.wikipedia.org/wiki/K._S._Chithra,6
13,K.S.Chitra,Chitha Kathi Pookale,Rajakumaran,1994,https://en.wikipedia.org/wiki/K._S._Chithra,6
13,K.S.Chitra,Dillu Baru Jaane,Kalaignan,1993,https://en.wikipedia.org/wiki/K._S._Chithra,5
13,K.S.Chitra,Eechambazham,Pavithra,1994,https://en.wikipedia.org/wiki/K._S._Chithra,3
13,K.S.Chitra,Eley Matchi,Aanazhagan,1995,https://en.wikipedia.org/wiki/K._S._Chithra,4
13,K.S.Chitra,Enakenna Piranthava,Kizhakku Karai,1991,https://en.wikipedia.org/wiki/K._S._Chithra,5
13,K.S.Chitra,Endhan Kural,Gokulathil Seethai,1996,https://en.wikipedia.org/wiki/K._S._Chithra,9
13,K.S.Chitra,Enna Samayalo,Unnal Mudiyum Thambi,1988,https://en.wikipedia.org/wiki/K._S._Chithra,8
14,Swetha Mohan,Amali Thumali Neliyum,Ko,2011,https://en.wikipedia.org/wiki/Shweta_Mohan,1
14,Swetha Mohan,Boom Boom Robo Da,Enthiran,2010,https://en.wikipedia.org/wiki/Shweta_Mohan,10
14,Swetha Mohan,Damma Damma,Vettai,2012,https://en.wikipedia.org/wiki/Shweta_Mohan,5
14,Swetha Mohan,Enna Solla,Thanga Magan,2015,https://en.wikipedia.org/wiki/Shweta_Mohan,4
14,Swetha Mohan,Innum Konjam,Mariyaan,2012,https://en.wikipedia.org/wiki/Shweta_Mohan,7
14,Swetha Mohan,Irava Pagala,Poovellam Kettuppar,1999,https://en.wikipedia.org/wiki/Shweta_Mohan,8
14,Swetha Mohan,Jodi Nilave,Thanga Magan,2015,https://en.wikipedia.org/wiki/Shweta_Mohan,3
14,Swetha Mohan,Kallil Aadum,Ananda Thandavam,2009,https://en.wikipedia.org/wiki/Shweta_Mohan,2
14,Swetha Mohan,Kandaen Kandaen,Pirivom Santhippom,2008,https://en.wikipedia.org/wiki/Shweta_Mohan,9
14,Swetha Mohan,Karu Vizhi Sutri Parkkum,Puthumugangal Thevai,2012,https://en.wikipedia.org/wiki/Shweta_Mohan,6
14,Swetha Mohan,Kottu Kottu Melam,Kaththi,2014,https://en.wikipedia.org/wiki/Shweta_Mohan,7
14,Swetha Mohan,Maacho Ennaacho,Mersa,2017,https://en.wikipedia.org/wiki/Shweta_Mohan,8
14,Swetha Mohan,Mama Mama,Boss Engira Bhaskaran,2010,https://en.wikipedia.org/wiki/Shweta_Mohan,10
14,Swetha Mohan,Maya Nadhi,Kabali,2016,https://en.wikipedia.org/wiki/Shweta_Mohan,4
14,Swetha Mohan,Mazhai Mazhai,Moondru Per Moondru Kadhal,2013,https://en.wikipedia.org/wiki/Shweta_Mohan,3
14,Swetha Mohan,Mazhaiyin Saaralil,Aaha Kalyanam,2014,https://en.wikipedia.org/wiki/Shweta_Mohan,6
14,Swetha Mohan,Mudhal Murai,Singham 3,2017,https://en.wikipedia.org/wiki/Shweta_Mohan,7
14,Swetha Mohan,Naan Unnai Thinamum,India Pakistan,2015,https://en.wikipedia.org/wiki/Shweta_Mohan,10
14,Swetha Mohan,Nee Korinal,180,2011,https://en.wikipedia.org/wiki/Shweta_Mohan,1
15,Jamuna rani,Aasaiyum Nesamum,Gulebakavali,1955,https://en.wikipedia.org/wiki/Jamuna_Rani,5
15,Jamuna rani,Duraiye Ilamai Paaraai,Kathanayaki,1955,https://en.wikipedia.org/wiki/Jamuna_Rani,4
15,Jamuna rani,Kaadhal Illadhu Aanandham,Naaga Nanthini,1961,https://en.wikipedia.org/wiki/Jamuna_Rani,8
15,Jamuna rani,Kaamugar Nenjil,Mahadhevi,1957,https://en.wikipedia.org/wiki/Jamuna_Rani,9
15,Jamuna rani,Kaaviri Thaaye Kaaviri Thaaye,Mannadhi Mannan,1960,https://en.wikipedia.org/wiki/Jamuna_Rani,3
15,Jamuna rani,Malar Gum Manam Veesum,Anbu Magan,1961,https://en.wikipedia.org/wiki/Jamuna_Rani,2
15,Jamuna rani,Naama Aaduvathum,Alibabavum 40 Thirudargalum,1956,https://en.wikipedia.org/wiki/Jamuna_Rani,7
15,Jamuna rani,Neeyo Nano Yaar Nilave,Mannadhi Mannan,1960,https://en.wikipedia.org/wiki/Jamuna_Rani,7
15,Jamuna rani,O Malliyakka O Rojakka,Makkalai Petra Magarasi,1957,https://en.wikipedia.org/wiki/Jamuna_Rani,8
15,Jamuna rani,Paalatril Thelaadudhu,Koduthu Vaithaval,1963,https://en.wikipedia.org/wiki/Jamuna_Rani,10
15,Jamuna rani,Success Succes,Kalyani,1952,https://en.wikipedia.org/wiki/Jamuna_Rani,9
15,Jamuna rani,Sundhara Kannu,Malliyam Mangalam,1961,https://en.wikipedia.org/wiki/Jamuna_Rani,5
15,Jamuna rani,Thadukkathe Ennai Thadukkathe,Nadodi Mannan,1958,https://en.wikipedia.org/wiki/Jamuna_Rani,1
16,Naresh Iyer,Idhudhaan idhudhaan,Sivappu Manjal Pachai,2019,https://en.wikipedia.org/wiki/Jamuna_Rani,2
16,Naresh Iyer,Takkaru Paarva,Ayngaran,2019,https://en.wikipedia.org/wiki/Jamuna_Rani,3
16,Naresh Iyer,Anjariye,Jiivi,2019,https://en.wikipedia.org/wiki/Jamuna_Rani,7
16,Naresh Iyer,Vin Meeney,Pailwaan,2019,https://en.wikipedia.org/wiki/Jamuna_Rani,6
16,Naresh Iyer,Doshthe Takkaru,Dear Comrade,2019,https://en.wikipedia.org/wiki/Jamuna_Rani,5
16,Naresh Iyer,Vaanam Vittu,Pailwaan,2019,https://en.wikipedia.org/wiki/Jamuna_Rani,10
17,Yuvan Shankar Raja,Agalaathey,Neerkonda Paarvai,2019,https://en.wikipedia.org/wiki/Yuvan_Shankar_Raja,9
17,Yuvan Shankar Raja,Vaa Vellai Raasathi,Kanne Kalaimaane,2019,https://en.wikipedia.org/wiki/Yuvan_Shankar_Raja,8
17,Yuvan Shankar Raja,Over'a Feel Pannuren,Hero,2019,https://en.wikipedia.org/wiki/Yuvan_Shankar_Raja,10
17,Yuvan Shankar Raja,Vandha Kadha,Vai Raja Vai,2019,https://en.wikipedia.org/wiki/Yuvan_Shankar_Raja,7
17,Yuvan Shankar Raja,Anji Manikku,Puppy,2019,https://en.wikipedia.org/wiki/Yuvan_Shankar_Raja,5
17,Yuvan Shankar Raja,Title Track,Hero,2019,https://en.wikipedia.org/wiki/Yuvan_Shankar_Raja,6
18,Vijay Prakash,Hands Up,Avane Srimannarayana,2019,https://en.wikipedia.org/wiki/Vijay_Prakash,2
18,Vijay Prakash,Saukaaram Pottu,Thorati,2019,https://en.wikipedia.org/wiki/Vijay_Prakash,7
18,Vijay Prakash,Angam Unnidam,Sye Raa Narasimha Reddy,2019,https://en.wikipedia.org/wiki/Vijay_Prakash,9
18,Vijay Prakash,Yaazhini,Kaathalae Kaathalae,2019,https://en.wikipedia.org/wiki/Vijay_Prakash,4
18,Vijay Prakash,Enna Panna,Pailwaan,2019,https://en.wikipedia.org/wiki/Vijay_Prakash,3
19,Haricharan Seshadri,Mazhaiyum Theeyum,Saaho,2019,https://en.wikipedia.org/wiki/Haricharan,7
19,Haricharan Seshadri,Otha Parvayil,Vennila Kabadi Kuzhu 2,2019,https://en.wikipedia.org/wiki/Haricharan,8
19,Haricharan Seshadri,Paaraai Narasimmaa Nee Paaraai,Sye Raa Narasimha Reddy,2019,https://en.wikipedia.org/wiki/Haricharan,1
19,Haricharan Seshadri,Manamengum Maaya Oonjal,Gypsy,2019,https://en.wikipedia.org/wiki/Haricharan,9
19,Haricharan Seshadri,Suvaasamaagum Thaesame,Sye Raa Narasimha Reddy,2019,https://en.wikipedia.org/wiki/Haricharan,2
19,Haricharan Seshadri,Raja Nenja Unakaga,Sindhubaad,2019,https://en.wikipedia.org/wiki/Haricharan,3
20,Hiphop Tamizha,Vengamavan,Natpe Thunai,2019,https://en.wikipedia.org/wiki/Hiphop_Tamizha,10
20,Hiphop Tamizha,Breakup Song,Naan Sirithal,2019,https://en.wikipedia.org/wiki/Hiphop_Tamizha,9
20,Hiphop Tamizha,Sonna Pothum,Comali,2019,https://en.wikipedia.org/wiki/Hiphop_Tamizha,10
20,Hiphop Tamizha,Single Pasanga,Natpe Thunai,2019,https://en.wikipedia.org/wiki/Hiphop_Tamizha,1
20,Hiphop Tamizha,Takkunu Takkunu,Mr. Local,2019,https://en.wikipedia.org/wiki/Hiphop_Tamizha,9
20,Hiphop Tamizha,Nee Nenacha,Mr. Local,2019,https://en.wikipedia.org/wiki/Hiphop_Tamizha,7
20,Hiphop Tamizha,Paisa Note,Comali,2019,https://en.wikipedia.org/wiki/Hiphop_Tamizha,5
20,Hiphop Tamizha,Keka Beka,Naan Sirithal,2019,https://en.wikipedia.org/wiki/Hiphop_Tamizha,8
20,Hiphop Tamizha,Red Cardu,Vantha Rajavathaan Varuven,2019,https://en.wikipedia.org/wiki/Hiphop_Tamizha,6
21,Sid Sriram,Anbae Peranbae,NGK,2019,https://en.wikipedia.org/wiki/Sid_Sriram,10
21,Sid Sriram,Inayae,Thadam,2019,https://en.wikipedia.org/wiki/Sid_Sriram,8
21,Sid Sriram,Unkoodave Porakkanum,Namma Veettu Pillai,2019,https://en.wikipedia.org/wiki/Sid_Sriram,5
21,Sid Sriram,Nee Nenacha,Mr. Local,2019,https://en.wikipedia.org/wiki/Sid_Sriram,9
21,Sid Sriram,Yaaradiyo,Gorilla,2019,https://en.wikipedia.org/wiki/Sid_Sriram,1
21,Sid Sriram,Aalankuruvigalaa,Bakrid,2019,https://en.wikipedia.org/wiki/Sid_Sriram,7
21,Sid Sriram,Pularaadha,Dear Comrade,2019,https://en.wikipedia.org/wiki/Sid_Sriram,6
21,Sid Sriram,Tamizh Anthem,LKG,2019,https://en.wikipedia.org/wiki/Sid_Sriram,9
21,Sid Sriram,Maruvaarthai,Enai Noki Paayum Thota,2019,https://en.wikipedia.org/wiki/Sid_Sriram,10
